file,nodes,edges,veo,vertexRanking,vertexEdgeVector,shingle,minHashJaccard400,signature128,signature512
invertEdges_05pct.txt,62586,147892,0.96487,0.93245,0.72029,0.07415,0.09000,0.83594,0.88672
invertEdges_10pct.txt,62586,147892,0.92974,0.88559,0.57955,0.04923,0.04750,0.86719,0.85742
invertEdges_20pct.txt,62586,147892,0.85947,0.85802,0.39802,0.02847,0.02000,0.76563,0.80469
